cname,cphone,caddress,cemail,cpwd
Imani Rose,(753) 487-2145,614-8616 Hendrerit Road,facilisis.suspendisse@protonmail.edu,IQC39HOT7XK
Lavinia Johns,(747) 521-1578,336-2796 Enim Rd.,velit@google.edu,SHX53XOK1YR
Chastity Powers,(362) 758-7637,"8710 Est, Ave",pellentesque.ultricies@google.ca,MBH39PHS2KF
Nigel Norman,(712) 809-6686,352-2595 Curabitur Street,feugiat.sed.nec@yahoo.edu,YLA85MLB2SV
Genevieve Mcclain,(833) 176-9937,Ap #500-9940 Risus Rd.,varius.nam.porttitor@hotmail.net,FOD64OLR8RV
Sacha Bryant,(213) 141-2142,"Ap #823-1407 Non, Street",vitae.purus@hotmail.couk,MRM25QIF8BM
Gareth Aguirre,(486) 686-4226,659-8198 Malesuada Rd.,montes@aol.ca,VHM14JSF7JW
Melissa Burris,(778) 230-2307,1088 Ante Rd.,ut.pharetra.sed@icloud.ca,PMH57VIN5YC
Risa Hancock,(581) 771-1795,471-6027 Lacinia. St.,luctus@hotmail.couk,XNN35UZB1JN
Ali Lang,(576) 677-2583,5276 Accumsan Av.,dolor@protonmail.edu,LXJ71NJD8PU
Irma Riley,(572) 533-6686,Ap #993-6692 Egestas. Road,morbi.neque@aol.org,QLZ01ESK1RN
Fitzgerald Whitaker,(343) 674-5172,"3699 Ornare, Street",nibh@protonmail.com,BOG48UNB4NI
Shannon Burt,(653) 585-1949,Ap #209-5208 Integer Ave,non@google.net,BRP13VAB3NE
Sasha Taylor,(744) 927-7457,"Ap #672-7309 Lacus, St.",malesuada.fames@icloud.net,VGL21MJN9JD
Rose West,(331) 686-7801,354-8528 Iaculis Road,molestie@protonmail.couk,NCM32NJY4UW
Edward Langley,(563) 731-9321,Ap #998-870 Donec St.,bibendum.fermentum@icloud.edu,GJU57SOC5NV
Mufutau Reid,(333) 356-2733,"P.O. Box 223, 5624 Ac Street",praesent@google.couk,HJR64DXW7QV
Bianca Witt,(853) 612-4735,713-3812 Ac St.,auctor.quis@outlook.ca,YOH87LUJ7MF
Jasmine Pugh,(847) 966-6273,Ap #603-6652 Mi Avenue,dignissim@google.edu,EXV82HGQ3UT
Asher Sawyer,(657) 458-3259,Ap #713-9692 Sollicitudin Ave,nec.metus@aol.couk,CMV40YCI4IR
Jemima West,(848) 616-4630,2505 Taciti Road,aliquam.iaculis@outlook.org,WEX63BJU4XO
Zenia Vazquez,(439) 853-1824,543-5355 Mauris Rd.,tempus.mauris@outlook.edu,GJD44TNT3OK
Moana Manning,(708) 806-3291,"7751 Id, Road",netus.et.malesuada@google.couk,DMC40CFO7LX
Lenore Blankenship,(660) 831-6972,Ap #558-4500 Metus. St.,interdum.feugiat@icloud.couk,FTY36HCZ3GZ
Summer Mejia,(509) 268-0347,148-5814 Cubilia Rd.,lectus.cum@outlook.com,UII79KMI4RX
Meghan Delacruz,(864) 886-1267,"P.O. Box 109, 7732 Orci St.",dis@outlook.net,VBE36MIU6HD
Elizabeth Dunlap,(443) 455-2537,"P.O. Box 767, 1810 Malesuada Rd.",magna.praesent.interdum@icloud.org,PAB11WUJ5ME
Lael Skinner,(229) 492-4735,Ap #234-4679 Ut Rd.,laoreet.ipsum@hotmail.edu,SDK66NCX3NX
Chadwick Nguyen,(491) 376-4730,Ap #902-950 Orci. St.,ipsum.porta@protonmail.ca,BMB28IWS4ME
Echo Chen,(471) 155-5334,Ap #185-4379 Magna. Avenue,ut.eros.non@aol.com,WFN73UJR9RR
Clayton Mckay,(742) 946-1292,196-8068 Proin Av.,egestas.duis@aol.org,XXD68HNR2PB
Chaim Reeves,(432) 624-1300,"3987 Auctor, Street",sit.amet.nulla@outlook.ca,NCG90EFU6BV
Blythe Patrick,(738) 611-1424,6388 Molestie Rd.,vitae@icloud.net,LYC63JUT6ER
Igor Baldwin,(597) 752-4717,8677 Mauris Rd.,egestas@outlook.com,EEE94YIS7FX
Yael Herrera,(645) 236-7982,887-9013 Amet Rd.,tristique.aliquet.phasellus@outlook.edu,YOB24TQS6NE
Fuller Ochoa,(162) 319-3549,Ap #280-6621 Egestas Ave,nunc.ullamcorper.eu@outlook.edu,XRH11GKT2TE
Giacomo Cochran,(671) 666-1777,Ap #202-4590 Malesuada Rd.,erat@aol.edu,CWY31PZO8TX
Bryar Castro,(172) 629-7367,Ap #724-3847 Donec Road,dictum@outlook.com,LBJ31IRT9CX
Ila Walters,(666) 722-4811,6815 Auctor Rd.,tristique.aliquet@google.net,BTY16UFY8RV
Cyrus Hogan,(193) 784-1421,Ap #367-1194 Faucibus Av.,scelerisque@icloud.edu,QSE47LKP7FJ
Eric Morgan,(365) 141-3624,546-1101 Sollicitudin Street,nec.tellus@aol.org,PNQ77EIS7RN
Vance Watson,(588) 856-7629,Ap #474-9022 Eu Street,scelerisque.neque.sed@yahoo.org,PCR06KAO5IV
Jocelyn Hamilton,(670) 232-4605,Ap #684-6404 Morbi St.,fermentum@google.couk,JTC48SPH2QC
Colt Merritt,(550) 536-1704,466-9770 Natoque Ave,convallis.erat.eget@yahoo.com,SCF63TCW0TW
Denton Becker,(226) 147-4472,"777-4442 Et, St.",erat.nonummy.ultricies@hotmail.couk,TCY43UHS9XW
Brady Green,(584) 834-2216,274-7123 Felis. Street,lectus.pede@icloud.net,TYJ85OMS4UB
Rashad Mcmillan,(941) 366-7260,Ap #408-7451 Integer Rd.,nisi.magna.sed@google.couk,MKA86MKX5ZG
Cleo Lara,(426) 408-6023,"Ap #344-8013 Non, Ave",tincidunt.neque@outlook.couk,XCP25ZPH4TM
Ainsley Velazquez,(148) 662-7271,3006 Nibh. Rd.,aliquam.adipiscing@protonmail.edu,HRH61MCT9JP
Clarke Juarez,(671) 617-5246,"P.O. Box 472, 2127 Tellus. Rd.",tincidunt.tempus@outlook.ca,VRL48LWJ3NH
Keegan Yang,(324) 523-8342,"7457 Elit, Av.",risus.quisque@yahoo.com,ZSJ06GTU2ON
Lamar Goodman,(752) 758-3513,337-4236 Nisi Street,pharetra.quisque@google.couk,UEO59RND2EK
Wallace Gregory,(933) 582-4366,"Ap #130-5532 At, Rd.",erat.volutpat@hotmail.net,GYX71LRP2RY
Scarlet Hancock,(664) 959-7490,Ap #566-1479 Lacus Rd.,nisi.sem@icloud.edu,VAN61GTI2HJ
Keane Ingram,(318) 478-3775,865 Mauris Rd.,mattis.integer.eu@aol.edu,JUU96WVI5QG
Shoshana Riggs,(502) 356-5810,"P.O. Box 363, 794 Aliquam Avenue",sem.elit@outlook.couk,DWY73ETT7WM
Iliana White,(978) 204-4755,8263 At Road,pede.blandit@yahoo.couk,HHL10GGX7SV
Jacob Hunter,(516) 467-3432,"P.O. Box 753, 6829 At Rd.",pede.blandit@outlook.edu,XAB23KOS4CL
Ruby Richard,(867) 805-8321,"938-141 Vitae, St.",est@yahoo.org,PBL91XII2IW
Emerald Castillo,(616) 622-7838,"P.O. Box 189, 3666 Condimentum Rd.",etiam.ligula.tortor@google.net,CST27RHU4JE
Talon Dixon,(427) 781-8742,"P.O. Box 207, 6692 Ipsum. Ave",aptent.taciti@protonmail.ca,EBL78ADI7LV
Daniel Coleman,(888) 316-8973,"7213 Sem, Av.",mauris.quis@yahoo.ca,XYE40WBB5SH
Ulysses Huff,(927) 927-4599,Ap #315-3430 Placerat Street,vestibulum@protonmail.ca,SJI48NCJ7BJ
Joseph Shaffer,(147) 816-1528,7620 Ac St.,phasellus@protonmail.ca,GVU26AKH6DD
Mufutau Dillard,(621) 115-5471,"5264 Ornare, Rd.",aliquam@protonmail.ca,IQX02XAS2UR
Sonia Merritt,(367) 666-6581,694-2399 Vitae St.,dui.nec@outlook.ca,YNP30MIK4YU
Jacob Gill,(555) 233-0817,Ap #566-4273 Euismod Road,molestie.sed@hotmail.net,TUH22HLR1AS
Cecilia Vaughan,(551) 838-2724,106 Molestie Rd.,mauris.integer@yahoo.com,JNV01HJP5WX
Fallon Barrera,(772) 415-9803,755-3148 Porttitor St.,nullam@yahoo.net,KSC28VIK1CA
Maggie Leon,(729) 463-6725,479-4866 Nunc. Street,vulputate@icloud.edu,FUH23WHK9QO
Neve Marsh,(424) 158-3173,229-4612 Tempus St.,purus.maecenas.libero@google.couk,KJN21TPH5QB
Rhea White,(520) 269-9120,Ap #754-1795 Natoque Rd.,imperdiet.dictum@outlook.net,AOS62APL5KO
Naida Hendrix,(391) 511-5605,"Ap #806-8363 Lorem, Av.",quis@yahoo.ca,OWE74TWY0DL
Hadassah Clarke,(211) 646-6975,726-4798 Lorem Avenue,odio.semper.cursus@protonmail.com,SCU92EOS6PO
Dorian Graves,(978) 457-3104,"P.O. Box 545, 7890 Vel St.",non.quam.pellentesque@hotmail.ca,VCF71NDO8XS
Heather Santana,(854) 808-5711,7895 Elementum Rd.,aenean.egestas.hendrerit@yahoo.com,NLX96YFG6TQ
Signe Haynes,(801) 158-8315,"P.O. Box 709, 3456 Sapien, Street",ultricies.sem@protonmail.net,PCT71WBK4LK
Xenos Kirkland,(468) 316-3882,Ap #480-4197 Interdum Ave,mus.proin@hotmail.net,OLM45WQS7GR
Brooke Landry,(494) 716-0795,894-398 Non St.,libero.proin@google.com,LXV24XTC7RD
Curran Dotson,(439) 794-7229,Ap #572-8223 Libero. St.,sapien@icloud.edu,YFQ42MNC0XL
Chiquita Campos,(483) 588-2217,887-1151 Urna St.,porttitor@aol.couk,IES42EBL2YF
Fredericka Schwartz,(614) 284-5262,Ap #642-9403 Mattis St.,eget@google.net,UQR51DCS3QZ
Kitra Graham,(245) 798-9231,7097 Arcu St.,eu@protonmail.com,TLR47GUJ1HI
Joel Beach,(735) 484-7647,361-8637 Scelerisque Road,at.velit.pellentesque@yahoo.edu,YVJ76JSI5UJ
Aileen Reed,(614) 580-8705,"P.O. Box 441, 5850 Amet, Street",faucibus.orci@google.edu,JZO56GZT2MY
Hall Taylor,(834) 838-4744,Ap #554-396 Vehicula Street,imperdiet.non.vestibulum@outlook.ca,GRN23KOP6PF
Piper Ryan,(673) 862-3058,"P.O. Box 192, 5929 Vel, Rd.",vel.pede.blandit@hotmail.net,RYM56RVP6FR
Ramona Peterson,(845) 852-3286,704-2149 Sapien Street,neque@protonmail.edu,RTQ49BFK1NC
McKenzie Medina,(987) 645-0472,152-5452 Egestas. Ave,malesuada.augue.ut@icloud.net,POX14HXJ4NS
Deacon Hooper,(839) 141-5571,Ap #755-7630 Nisl. Avenue,enim.gravida@yahoo.ca,HBW36VOX7DR
Boris Marks,(659) 556-4676,"P.O. Box 449, 9595 In Road",curabitur.ut@icloud.ca,DSJ51IUT8QC
Amir Rodriguez,(456) 959-8739,"P.O. Box 239, 4587 Egestas. St.",risus.morbi@outlook.com,QKU79CIG4LD
Hedy Kirkland,(633) 665-8481,Ap #156-6146 Suspendisse Av.,convallis@yahoo.net,EGW88OZH1EJ
Axel Ortiz,(221) 881-3245,620-8491 Consectetuer Av.,ultricies.sem@yahoo.net,JMG89JCX7HN
Tasha Hickman,(538) 175-5134,Ap #366-8045 Rutrum Avenue,est.nunc@google.ca,QUJ64RML9VM
Wilma Carpenter,(612) 724-3327,"P.O. Box 923, 2300 Fermentum Rd.",velit.pellentesque@outlook.edu,VPY71KDT6EF
Savannah Craig,(501) 272-7172,"Ap #771-3822 At, Rd.",sed.congue.elit@aol.com,IVB03YEB2KN
Carissa Best,(525) 308-4522,8503 Sollicitudin Rd.,risus@aol.couk,MBK65SCF7RK
Sharon Sanders,(451) 887-4564,"Ap #576-3480 A, Av.",ipsum.leo@outlook.com,DVT83QEZ9IY
Shelly Steele,(428) 430-7332,666-5008 Luctus Rd.,et@google.org,EBH07RYM3FR
