sname,sphone,salary,semail,sposition,spwd
Kevin O'connor,(842) 412-8426,11,pede.ac@hotmail.org, ,ERI68FBV6QT
Charles Sharpe,(798) 314-4279,13,eget.mollis@yahoo.edu, ,HNY63XLH6GH
Josiah Glover,(978) 378-9072,17,integer@aol.net, ,ULB40EBO4RV
Gareth Porter,(486) 551-6703,17,mauris.non@protonmail.net,,BGG22RED2WW
Montana Ramsey,(451) 956-7554,13,dolor.quisque@aol.org, ,RYT45SQT5WL
Zephania Chase,(186) 643-8638,10,lorem.vitae@aol.net, ,DDP23VRX8XT
Ray Miller,(874) 628-1151,16,lacus.ut@aol.com, ,GSS82JGF8ZM
Yetta Howard,(269) 773-7381,19,donec.est@outlook.couk,,RDE32CYE1QP
Jennifer Watson,(194) 212-9203,13,aliquam.vulputate.ullamcorper@icloud.edu,,HEG64SOQ5HJ
Cassandra Kemp,(454) 342-2674,18,dictum.eu.placerat@hotmail.couk, ,JCH55DPC4XH
Jael Hart,(622) 255-7839,16,tincidunt.dui.augue@hotmail.edu, ,WML19ORD1PR
Victoria Solis,(661) 512-7281,15,et.risus.quisque@yahoo.net,,QZG35FWX8YH
Rosalyn Maddox,(947) 212-2357,16,ut.molestie@outlook.ca, ,SNV69MSY6IY
Acton Colon,(617) 856-0450,18,orci.sem@hotmail.net,,GLF22KJQ6UL
Wade Avery,(622) 468-4924,18,quam.a@protonmail.net, ,RZM41OTW4IO
Tallulah Fleming,(456) 947-5402,13,ut@google.edu, ,UGG35GLP8FU
Hu Parsons,(149) 132-9134,20,dictum.eu.placerat@yahoo.ca,,YPC77SDB5IJ
Roary Blevins,(604) 136-2755,14,condimentum.eget@google.ca, ,ZJS56SGW1OW
Aspen Barker,(875) 672-3349,14,a@protonmail.ca, ,QOC35OWS3MT
Zenia Booth,(558) 518-3137,10,pede.ultrices@yahoo.ca, ,WOB73UJD7VH
